Episode,Episode_Behavior_Type,Steps,Return,Reached_Goal,Truncated,Blocked_Hits,Boundary_Hits,Final_Row,Final_Col
1,Mixed Guided,31,5,1,0,1,0,9,9
2,Pure Random,100,-140,0,1,14,14,0,8
3,Mixed Guided,25,5,1,0,1,0,9,9
4,Mixed Guided,24,0,1,0,0,2,9,9
5,Mixed Guided,32,-10,1,0,0,4,9,9
6,Mixed Guided,22,0,1,0,0,2,9,9
7,Mixed Guided,38,-10,1,0,2,2,9,9
8,Mixed Guided,36,-10,1,0,1,3,9,9
9,Mixed Guided,34,0,1,0,1,1,9,9
10,Mixed Guided,19,5,1,0,0,1,9,9
11,Mixed Guided,20,10,1,0,0,0,9,9
12,Mixed Guided,25,-5,1,0,3,0,9,9
13,Mixed Guided,31,5,1,0,0,1,9,9
14,Mixed Guided,39,-5,1,0,1,2,9,9
15,Pure Random,100,-70,0,1,2,12,4,0
16,Mixed Guided,29,5,1,0,1,0,9,9
17,Mixed Guided,25,5,1,0,0,1,9,9
18,Mixed Guided,27,-5,1,0,1,2,9,9
19,Mixed Guided,26,0,1,0,2,0,9,9
20,Mixed Guided,18,10,1,0,0,0,9,9
21,Mixed Guided,26,10,1,0,0,0,9,9
22,Mixed Guided,44,-20,1,0,2,4,9,9
23,Mixed Guided,24,0,1,0,2,0,9,9
24,Pure Random,100,-100,0,1,4,16,9,1
25,Mixed Guided,34,-10,1,0,4,0,9,9
26,Mixed Guided,25,-5,1,0,1,2,9,9
27,Mixed Guided,29,5,1,0,0,1,9,9
28,Mixed Guided,24,10,1,0,0,0,9,9
29,Mixed Guided,32,0,1,0,0,2,9,9
30,Mixed Guided,28,0,1,0,0,2,9,9
31,Mixed Guided,39,5,1,0,1,0,9,9
32,Mixed Guided,25,5,1,0,0,1,9,9
33,Pure Random,100,-120,0,1,8,16,5,3
34,Mixed Guided,27,5,1,0,0,1,9,9
35,Mixed Guided,25,5,1,0,0,1,9,9
36,Mixed Guided,21,5,1,0,0,1,9,9
37,Mixed Guided,37,-5,1,0,3,0,9,9
38,Mixed Guided,20,10,1,0,0,0,9,9
39,Mixed Guided,24,10,1,0,0,0,9,9
40,Pure Random,100,-185,0,1,20,17,4,7
41,Mixed Guided,29,5,1,0,0,1,9,9
42,Mixed Guided,25,5,1,0,0,1,9,9
43,Mixed Guided,24,0,1,0,1,1,9,9
44,Mixed Guided,24,0,1,0,0,2,9,9
45,Mixed Guided,31,-15,1,0,4,1,9,9
46,Pure Random,100,-135,0,1,7,20,5,2
47,Pure Random,100,-180,0,1,27,9,3,7
48,Mixed Guided,23,5,1,0,1,0,9,9
49,Mixed Guided,30,0,1,0,0,2,9,9
50,Mixed Guided,32,0,1,0,0,2,9,9
51,Pure Random,100,-130,0,1,7,19,8,4
52,Mixed Guided,20,10,1,0,0,0,9,9
53,Mixed Guided,19,5,1,0,1,0,9,9
54,Mixed Guided,21,-5,1,0,0,3,9,9
55,Mixed Guided,34,-10,1,0,0,4,9,9
56,Pure Random,100,-150,0,1,3,27,0,2
57,Mixed Guided,26,0,1,0,0,2,9,9
58,Mixed Guided,31,-5,1,0,1,2,9,9
59,Mixed Guided,25,-5,1,0,1,2,9,9
60,Mixed Guided,31,-5,1,0,3,0,9,9
61,Mixed Guided,29,5,1,0,1,0,9,9
62,Mixed Guided,29,-5,1,0,2,1,9,9
63,Pure Random,100,-110,0,1,7,15,3,3
64,Mixed Guided,34,-10,1,0,0,4,9,9
65,Mixed Guided,36,-20,1,0,2,4,9,9
66,Mixed Guided,25,-5,1,0,1,2,9,9
67,Pure Random,100,-100,0,1,7,13,8,2
68,Mixed Guided,23,5,1,0,0,1,9,9
69,Mixed Guided,29,5,1,0,0,1,9,9
70,Mixed Guided,30,0,1,0,1,1,9,9
71,Mixed Guided,21,5,1,0,1,0,9,9
72,Mixed Guided,39,-5,1,0,0,3,9,9
73,Mixed Guided,21,5,1,0,1,0,9,9
74,Mixed Guided,22,10,1,0,0,0,9,9
75,Pure Random,100,-125,0,1,21,4,2,5
76,Mixed Guided,35,5,1,0,0,1,9,9
77,Mixed Guided,25,-5,1,0,1,2,9,9
78,Pure Random,100,-95,0,1,13,6,2,3
79,Mixed Guided,22,0,1,0,0,2,9,9
80,Pure Random,100,-100,0,1,8,12,8,2
81,Mixed Guided,36,-10,1,0,1,3,9,9
82,Mixed Guided,27,5,1,0,0,1,9,9
83,Mixed Guided,22,0,1,0,2,0,9,9
84,Mixed Guided,29,5,1,0,0,1,9,9
85,Mixed Guided,24,-10,1,0,1,3,9,9
86,Mixed Guided,33,-5,1,0,1,2,9,9
87,Mixed Guided,40,0,1,0,1,1,9,9
88,Mixed Guided,22,0,1,0,1,1,9,9
89,Mixed Guided,24,10,1,0,0,0,9,9
90,Mixed Guided,39,-5,1,0,2,1,9,9
91,Mixed Guided,22,10,1,0,0,0,9,9
92,Mixed Guided,20,10,1,0,0,0,9,9
93,Mixed Guided,28,10,1,0,0,0,9,9
94,Mixed Guided,23,-5,1,0,0,3,9,9
95,Mixed Guided,24,0,1,0,0,2,9,9
96,Pure Random,100,-155,0,1,5,26,0,7
97,Pure Random,100,-165,0,1,4,29,1,0
98,Pure Random,100,-120,0,1,3,21,8,2
99,Mixed Guided,33,-5,1,0,1,2,9,9
100,Mixed Guided,38,-10,1,0,2,2,9,9
101,Mixed Guided,27,-5,1,0,3,0,9,9
102,Mixed Guided,34,0,1,0,1,1,9,9
103,Mixed Guided,21,5,1,0,0,1,9,9
104,Mixed Guided,24,-10,1,0,2,2,9,9
105,Mixed Guided,27,5,1,0,0,1,9,9
106,Mixed Guided,30,0,1,0,1,1,9,9
107,Mixed Guided,32,0,1,0,0,2,9,9
108,Pure Random,100,-135,0,1,19,8,2,5
109,Pure Random,100,-120,0,1,7,17,4,0
110,Mixed Guided,34,0,1,0,1,1,9,9
111,Mixed Guided,24,0,1,0,1,1,9,9
112,Mixed Guided,27,-15,1,0,2,3,9,9
113,Mixed Guided,25,-5,1,0,1,2,9,9
114,Mixed Guided,34,-20,1,0,4,2,9,9
115,Mixed Guided,25,5,1,0,0,1,9,9
116,Mixed Guided,30,-10,1,0,1,3,9,9
117,Mixed Guided,27,-5,1,0,2,1,9,9
118,Mixed Guided,24,10,1,0,0,0,9,9
119,Mixed Guided,27,-5,1,0,1,2,9,9
120,Mixed Guided,21,5,1,0,0,1,9,9
121,Mixed Guided,32,-20,1,0,1,5,9,9
122,Mixed Guided,26,0,1,0,0,2,9,9
123,Mixed Guided,27,5,1,0,1,0,9,9
124,Mixed Guided,19,5,1,0,1,0,9,9
125,Mixed Guided,22,0,1,0,0,2,9,9
126,Mixed Guided,26,-10,1,0,2,2,9,9
127,Mixed Guided,36,-20,1,0,2,4,9,9
128,Pure Random,100,-120,0,1,11,13,3,7
129,Pure Random,100,-90,0,1,7,11,1,1
130,Mixed Guided,27,-15,1,0,1,4,9,9
131,Pure Random,100,-95,0,1,9,10,5,0
132,Mixed Guided,25,-5,1,0,2,1,9,9
133,Mixed Guided,25,5,1,0,0,1,9,9
134,Mixed Guided,21,5,1,0,1,0,9,9
135,Mixed Guided,18,10,1,0,0,0,9,9
136,Mixed Guided,26,0,1,0,2,0,9,9
137,Pure Random,100,-95,0,1,18,1,6,5
138,Mixed Guided,22,10,1,0,0,0,9,9
139,Pure Random,100,-140,0,1,17,11,6,2
140,Pure Random,100,-110,0,1,9,13,0,8
141,Mixed Guided,27,5,1,0,1,0,9,9
142,Mixed Guided,26,0,1,0,0,2,9,9
143,Mixed Guided,29,5,1,0,0,1,9,9
144,Pure Random,100,-145,0,1,8,21,0,1
145,Pure Random,100,-230,0,1,33,13,5,7
146,Mixed Guided,25,5,1,0,0,1,9,9
147,Mixed Guided,46,0,1,0,0,2,9,9
148,Pure Random,100,-145,0,1,9,20,0,7
149,Mixed Guided,28,10,1,0,0,0,9,9
150,Mixed Guided,22,0,1,0,1,1,9,9
151,Mixed Guided,27,-5,1,0,1,2,9,9
152,Mixed Guided,30,0,1,0,1,1,9,9
153,Mixed Guided,23,-5,1,0,3,0,9,9
154,Mixed Guided,30,0,1,0,0,2,9,9
155,Mixed Guided,41,5,1,0,0,1,9,9
156,Mixed Guided,27,-15,1,0,0,5,9,9
157,Mixed Guided,31,-15,1,0,0,5,9,9
158,Mixed Guided,23,5,1,0,0,1,9,9
159,Pure Random,100,-105,0,1,10,11,5,4
160,Mixed Guided,32,10,1,0,0,0,9,9
161,Mixed Guided,35,-5,1,0,1,2,9,9
162,Mixed Guided,27,-5,1,0,1,2,9,9
163,Mixed Guided,33,-25,1,0,4,3,9,9
164,Mixed Guided,20,10,1,0,0,0,9,9
165,Mixed Guided,27,-15,1,0,0,5,9,9
166,Pure Random,100,-125,0,1,11,14,8,3
167,Mixed Guided,34,-10,1,0,3,1,9,9
168,Pure Random,100,-165,0,1,17,16,9,2
169,Mixed Guided,37,-15,1,0,3,2,9,9
170,Pure Random,100,-135,0,1,5,22,7,2
171,Mixed Guided,26,0,1,0,0,2,9,9
172,Mixed Guided,23,5,1,0,0,1,9,9
173,Mixed Guided,26,0,1,0,0,2,9,9
174,Mixed Guided,35,-15,1,0,2,3,9,9
175,Mixed Guided,20,0,1,0,0,2,9,9
176,Mixed Guided,23,5,1,0,0,1,9,9
177,Pure Random,85,-75,1,0,2,15,9,9
178,Mixed Guided,35,-5,1,0,0,3,9,9
179,Mixed Guided,28,0,1,0,1,1,9,9
180,Mixed Guided,24,-10,1,0,0,4,9,9
181,Mixed Guided,22,0,1,0,0,2,9,9
182,Mixed Guided,31,5,1,0,0,1,9,9
183,Pure Random,100,-105,0,1,9,12,7,4
184,Mixed Guided,25,-5,1,0,2,1,9,9
185,Mixed Guided,34,0,1,0,0,2,9,9
186,Mixed Guided,28,0,1,0,0,2,9,9
187,Mixed Guided,22,0,1,0,2,0,9,9
188,Mixed Guided,19,5,1,0,0,1,9,9
189,Mixed Guided,29,5,1,0,0,1,9,9
190,Pure Random,100,-140,0,1,11,17,2,0
191,Mixed Guided,32,-10,1,0,3,1,9,9
192,Mixed Guided,22,10,1,0,0,0,9,9
193,Mixed Guided,19,5,1,0,1,0,9,9
194,Mixed Guided,27,-15,1,0,2,3,9,9
195,Mixed Guided,28,10,1,0,0,0,9,9
196,Mixed Guided,30,-20,1,0,1,5,9,9
197,Pure Random,100,-145,0,1,20,9,5,4
198,Pure Random,100,-135,0,1,13,14,8,1
199,Mixed Guided,22,0,1,0,0,2,9,9
200,Mixed Guided,24,10,1,0,0,0,9,9
201,Mixed Guided,24,10,1,0,0,0,9,9
202,Pure Random,100,-185,0,1,11,26,4,9
203,Mixed Guided,33,5,1,0,1,0,9,9
204,Mixed Guided,38,-10,1,0,1,3,9,9
205,Mixed Guided,39,5,1,0,0,1,9,9
206,Mixed Guided,32,0,1,0,1,1,9,9
207,Mixed Guided,21,5,1,0,1,0,9,9
208,Mixed Guided,27,-15,1,0,3,2,9,9
209,Mixed Guided,21,-5,1,0,0,3,9,9
210,Mixed Guided,28,10,1,0,0,0,9,9
211,Mixed Guided,30,0,1,0,2,0,9,9
212,Mixed Guided,24,0,1,0,0,2,9,9
213,Mixed Guided,18,10,1,0,0,0,9,9
214,Mixed Guided,27,-5,1,0,3,0,9,9
215,Mixed Guided,28,10,1,0,0,0,9,9
216,Mixed Guided,26,0,1,0,0,2,9,9
217,Mixed Guided,20,0,1,0,0,2,9,9
218,Mixed Guided,37,-15,1,0,2,3,9,9
219,Mixed Guided,27,-5,1,0,1,2,9,9
220,Mixed Guided,23,5,1,0,1,0,9,9
221,Mixed Guided,28,-10,1,0,2,2,9,9
222,Mixed Guided,32,10,1,0,0,0,9,9
223,Pure Random,100,-90,0,1,7,11,0,4
224,Mixed Guided,22,10,1,0,0,0,9,9
225,Mixed Guided,22,0,1,0,0,2,9,9
226,Mixed Guided,22,10,1,0,0,0,9,9
227,Mixed Guided,20,10,1,0,0,0,9,9
228,Mixed Guided,32,-10,1,0,1,3,9,9
229,Pure Random,100,-155,0,1,10,21,2,7
230,Mixed Guided,23,5,1,0,0,1,9,9
231,Mixed Guided,22,0,1,0,0,2,9,9
232,Mixed Guided,26,10,1,0,0,0,9,9
233,Mixed Guided,36,-10,1,0,3,1,9,9
234,Mixed Guided,31,-5,1,0,2,1,9,9
235,Mixed Guided,30,0,1,0,0,2,9,9
236,Mixed Guided,35,-5,1,0,0,3,9,9
237,Mixed Guided,22,0,1,0,1,1,9,9
238,Mixed Guided,33,-15,1,0,2,3,9,9
239,Mixed Guided,36,0,1,0,1,1,9,9
240,Mixed Guided,35,-25,1,0,4,3,9,9
241,Mixed Guided,35,-15,1,0,1,4,9,9
242,Mixed Guided,30,-10,1,0,2,2,9,9
243,Mixed Guided,38,0,1,0,0,2,9,9
244,Mixed Guided,22,-10,1,0,0,4,9,9
245,Mixed Guided,27,-5,1,0,3,0,9,9
246,Mixed Guided,28,-20,1,0,1,5,9,9
247,Mixed Guided,29,-5,1,0,0,3,9,9
248,Mixed Guided,29,-15,1,0,1,4,9,9
249,Mixed Guided,31,5,1,0,1,0,9,9
250,Mixed Guided,28,0,1,0,2,0,9,9
251,Mixed Guided,21,5,1,0,0,1,9,9
252,Pure Random,100,-175,0,1,8,27,0,1
253,Pure Random,100,-130,0,1,3,23,4,0
254,Pure Random,100,-120,0,1,14,10,3,3
255,Mixed Guided,30,0,1,0,1,1,9,9
256,Mixed Guided,26,0,1,0,1,1,9,9
257,Mixed Guided,26,10,1,0,0,0,9,9
258,Mixed Guided,31,5,1,0,1,0,9,9
259,Mixed Guided,31,5,1,0,0,1,9,9
260,Pure Random,100,-175,0,1,10,25,1,0
261,Mixed Guided,34,0,1,0,1,1,9,9
262,Mixed Guided,25,-5,1,0,1,2,9,9
263,Pure Random,100,-130,0,1,4,22,9,5
264,Mixed Guided,42,0,1,0,0,2,9,9
265,Pure Random,100,-150,0,1,12,18,5,1
266,Mixed Guided,21,5,1,0,1,0,9,9
267,Mixed Guided,20,0,1,0,2,0,9,9
268,Mixed Guided,32,-20,1,0,1,5,9,9
269,Pure Random,100,-145,0,1,5,24,6,3
270,Mixed Guided,42,-20,1,0,2,4,9,9
271,Mixed Guided,24,10,1,0,0,0,9,9
272,Mixed Guided,40,0,1,0,1,1,9,9
273,Mixed Guided,18,10,1,0,0,0,9,9
274,Mixed Guided,35,-5,1,0,0,3,9,9
275,Mixed Guided,25,5,1,0,0,1,9,9
276,Mixed Guided,28,-10,1,0,2,2,9,9
277,Pure Random,100,-120,0,1,0,24,8,2
278,Mixed Guided,22,10,1,0,0,0,9,9
279,Pure Random,100,-140,0,1,15,13,3,9
280,Mixed Guided,27,-5,1,0,1,2,9,9
281,Pure Random,100,-110,0,1,14,8,8,6
282,Pure Random,99,-55,1,0,7,6,9,9
283,Pure Random,100,-150,0,1,16,14,1,9
284,Mixed Guided,22,0,1,0,1,1,9,9
285,Mixed Guided,28,0,1,0,1,1,9,9
286,Pure Random,100,-90,0,1,4,14,5,3
287,Mixed Guided,26,0,1,0,0,2,9,9
288,Mixed Guided,22,0,1,0,1,1,9,9
289,Mixed Guided,21,-5,1,0,1,2,9,9
290,Mixed Guided,26,0,1,0,0,2,9,9
291,Mixed Guided,33,-15,1,0,1,4,9,9
292,Mixed Guided,39,-5,1,0,2,1,9,9
293,Pure Random,100,-90,0,1,9,9,3,1
294,Mixed Guided,25,5,1,0,1,0,9,9
295,Mixed Guided,39,-25,1,0,2,5,9,9
296,Pure Random,100,-215,0,1,12,31,0,1
297,Mixed Guided,32,0,1,0,0,2,9,9
298,Mixed Guided,22,-10,1,0,1,3,9,9
299,Mixed Guided,30,-10,1,0,3,1,9,9
300,Mixed Guided,32,-20,1,0,1,5,9,9
301,Mixed Guided,21,5,1,0,1,0,9,9
302,Pure Random,100,-75,0,1,2,13,9,4
303,Mixed Guided,27,5,1,0,0,1,9,9
304,Mixed Guided,32,0,1,0,1,1,9,9
305,Mixed Guided,33,5,1,0,0,1,9,9
306,Pure Random,100,-130,0,1,13,13,3,3
307,Mixed Guided,32,-30,1,0,6,2,9,9
308,Mixed Guided,25,-5,1,0,2,1,9,9
309,Mixed Guided,35,-5,1,0,1,2,9,9
310,Mixed Guided,29,-5,1,0,1,2,9,9
311,Mixed Guided,22,-10,1,0,1,3,9,9
312,Mixed Guided,25,5,1,0,0,1,9,9
313,Mixed Guided,22,10,1,0,0,0,9,9
314,Mixed Guided,32,-20,1,0,2,4,9,9
315,Mixed Guided,33,5,1,0,0,1,9,9
316,Mixed Guided,29,5,1,0,0,1,9,9
317,Mixed Guided,33,-5,1,0,0,3,9,9
318,Mixed Guided,29,-5,1,0,1,2,9,9
319,Mixed Guided,46,0,1,0,1,1,9,9
320,Mixed Guided,38,-10,1,0,2,2,9,9
321,Pure Random,100,-175,0,1,15,20,2,3
322,Mixed Guided,23,-5,1,0,3,0,9,9
323,Mixed Guided,31,-15,1,0,1,4,9,9
324,Pure Random,100,-165,0,1,15,18,2,5
325,Mixed Guided,31,-5,1,0,1,2,9,9
326,Mixed Guided,35,5,1,0,0,1,9,9
327,Mixed Guided,27,-5,1,0,2,1,9,9
328,Mixed Guided,28,0,1,0,1,1,9,9
329,Mixed Guided,26,0,1,0,0,2,9,9
330,Pure Random,100,-125,0,1,10,15,7,2
331,Mixed Guided,30,-20,1,0,4,2,9,9
332,Mixed Guided,25,-5,1,0,0,3,9,9
333,Mixed Guided,33,-5,1,0,1,2,9,9
334,Mixed Guided,24,-10,1,0,3,1,9,9
335,Mixed Guided,22,0,1,0,0,2,9,9
336,Mixed Guided,26,-10,1,0,2,2,9,9
337,Mixed Guided,30,0,1,0,1,1,9,9
338,Pure Random,100,-150,0,1,9,21,1,1
339,Mixed Guided,30,-10,1,0,0,4,9,9
340,Mixed Guided,36,-10,1,0,2,2,9,9
341,Pure Random,100,-140,0,1,19,9,1,1
342,Mixed Guided,23,5,1,0,1,0,9,9
343,Mixed Guided,24,10,1,0,0,0,9,9
344,Pure Random,100,-220,0,1,14,30,0,2
345,Mixed Guided,23,5,1,0,0,1,9,9
346,Mixed Guided,23,5,1,0,0,1,9,9
347,Mixed Guided,21,5,1,0,0,1,9,9
348,Mixed Guided,29,5,1,0,1,0,9,9
349,Pure Random,100,-155,0,1,6,25,0,3
350,Mixed Guided,35,5,1,0,1,0,9,9
351,Mixed Guided,27,5,1,0,0,1,9,9
352,Pure Random,100,-180,0,1,8,28,1,9
353,Mixed Guided,34,-10,1,0,1,3,9,9
354,Mixed Guided,18,10,1,0,0,0,9,9
355,Pure Random,100,-150,0,1,15,15,3,7
356,Mixed Guided,29,5,1,0,0,1,9,9
357,Mixed Guided,24,-10,1,0,2,2,9,9
358,Mixed Guided,23,-5,1,0,2,1,9,9
359,Pure Random,100,-150,0,1,17,13,1,7
360,Pure Random,100,-150,0,1,7,23,0,0
361,Mixed Guided,21,5,1,0,0,1,9,9
362,Mixed Guided,27,-5,1,0,3,0,9,9
363,Mixed Guided,29,-15,1,0,0,5,9,9
364,Mixed Guided,38,0,1,0,0,2,9,9
365,Mixed Guided,32,-10,1,0,2,2,9,9
366,Mixed Guided,22,0,1,0,2,0,9,9
367,Pure Random,100,-175,0,1,11,24,0,1
368,Mixed Guided,30,-10,1,0,0,4,9,9
369,Mixed Guided,26,0,1,0,1,1,9,9
370,Pure Random,100,-90,0,1,15,3,0,4
371,Mixed Guided,34,-10,1,0,4,0,9,9
372,Mixed Guided,29,5,1,0,0,1,9,9
373,Mixed Guided,20,10,1,0,0,0,9,9
374,Pure Random,100,-155,0,1,16,15,0,1
375,Pure Random,100,-95,0,1,10,9,2,3
376,Mixed Guided,27,-5,1,0,2,1,9,9
377,Pure Random,100,-160,0,1,29,3,0,6
378,Mixed Guided,24,-10,1,0,1,3,9,9
379,Pure Random,100,-170,0,1,27,7,3,3
380,Mixed Guided,37,5,1,0,0,1,9,9
381,Mixed Guided,24,10,1,0,0,0,9,9
382,Pure Random,100,-145,0,1,4,25,8,1
383,Mixed Guided,42,0,1,0,0,2,9,9
384,Mixed Guided,31,5,1,0,0,1,9,9
385,Mixed Guided,34,0,1,0,2,0,9,9
386,Mixed Guided,31,5,1,0,0,1,9,9
387,Mixed Guided,28,0,1,0,2,0,9,9
388,Mixed Guided,32,-10,1,0,3,1,9,9
389,Mixed Guided,32,0,1,0,1,1,9,9
390,Mixed Guided,34,0,1,0,1,1,9,9
391,Pure Random,100,-140,0,1,22,6,1,1
392,Mixed Guided,26,10,1,0,0,0,9,9
393,Mixed Guided,23,-5,1,0,0,3,9,9
394,Mixed Guided,33,5,1,0,0,1,9,9
395,Pure Random,100,-130,0,1,16,10,3,5
396,Mixed Guided,39,-5,1,0,2,1,9,9
397,Mixed Guided,33,5,1,0,1,0,9,9
398,Pure Random,100,-140,0,1,10,18,4,0
399,Mixed Guided,44,-10,1,0,0,4,9,9
400,Mixed Guided,24,10,1,0,0,0,9,9
401,Mixed Guided,24,10,1,0,0,0,9,9
402,Mixed Guided,25,5,1,0,0,1,9,9
403,Mixed Guided,19,5,1,0,0,1,9,9
404,Mixed Guided,30,10,1,0,0,0,9,9
405,Mixed Guided,25,5,1,0,0,1,9,9
406,Mixed Guided,33,-5,1,0,1,2,9,9
407,Mixed Guided,24,0,1,0,0,2,9,9
408,Mixed Guided,21,5,1,0,1,0,9,9
409,Mixed Guided,32,-10,1,0,1,3,9,9
410,Pure Random,100,-185,0,1,4,33,3,0
411,Mixed Guided,32,0,1,0,2,0,9,9
412,Pure Random,100,-140,0,1,14,14,5,3
413,Mixed Guided,39,-25,1,0,0,7,9,9
414,Mixed Guided,32,0,1,0,0,2,9,9
415,Mixed Guided,31,-5,1,0,0,3,9,9
416,Mixed Guided,38,-10,1,0,2,2,9,9
417,Mixed Guided,43,-55,1,0,7,6,9,9
418,Mixed Guided,31,-5,1,0,2,1,9,9
419,Mixed Guided,31,-15,1,0,1,4,9,9
420,Mixed Guided,22,0,1,0,2,0,9,9
421,Mixed Guided,23,5,1,0,1,0,9,9
422,Mixed Guided,24,0,1,0,0,2,9,9
423,Mixed Guided,35,5,1,0,1,0,9,9
424,Mixed Guided,28,10,1,0,0,0,9,9
425,Mixed Guided,24,0,1,0,0,2,9,9
426,Mixed Guided,34,0,1,0,1,1,9,9
427,Mixed Guided,29,-15,1,0,1,4,9,9
428,Pure Random,100,-135,0,1,12,15,0,9
429,Mixed Guided,23,5,1,0,1,0,9,9
430,Pure Random,100,-185,0,1,3,34,2,1
431,Mixed Guided,22,0,1,0,0,2,9,9
432,Mixed Guided,33,5,1,0,1,0,9,9
433,Mixed Guided,36,-40,1,0,6,4,9,9
434,Pure Random,100,-45,0,1,2,7,5,4
435,Mixed Guided,24,0,1,0,0,2,9,9
436,Mixed Guided,35,-5,1,0,2,1,9,9
437,Mixed Guided,29,-5,1,0,0,3,9,9
438,Mixed Guided,21,5,1,0,1,0,9,9
439,Mixed Guided,28,0,1,0,1,1,9,9
440,Mixed Guided,25,5,1,0,0,1,9,9
441,Mixed Guided,22,0,1,0,1,1,9,9
442,Pure Random,100,-160,0,1,9,23,1,3
443,Mixed Guided,26,10,1,0,0,0,9,9
444,Pure Random,100,-120,0,1,3,21,5,1
445,Mixed Guided,29,5,1,0,1,0,9,9
446,Mixed Guided,22,0,1,0,1,1,9,9
447,Pure Random,100,-200,0,1,8,32,0,0
448,Mixed Guided,24,0,1,0,0,2,9,9
449,Mixed Guided,26,0,1,0,1,1,9,9
450,Mixed Guided,27,5,1,0,1,0,9,9
451,Mixed Guided,29,-5,1,0,2,1,9,9
452,Mixed Guided,32,0,1,0,0,2,9,9
453,Mixed Guided,22,10,1,0,0,0,9,9
454,Mixed Guided,22,10,1,0,0,0,9,9
455,Mixed Guided,27,5,1,0,1,0,9,9
456,Pure Random,100,-195,0,1,14,25,0,3
457,Pure Random,100,-160,0,1,16,16,3,3
458,Pure Random,100,-150,0,1,14,16,1,7
459,Mixed Guided,30,-10,1,0,1,3,9,9
460,Mixed Guided,19,5,1,0,1,0,9,9
461,Mixed Guided,28,0,1,0,0,2,9,9
462,Mixed Guided,27,-25,1,0,3,4,9,9
463,Mixed Guided,24,-10,1,0,4,0,9,9
464,Pure Random,100,-130,0,1,9,17,0,2
465,Mixed Guided,35,5,1,0,0,1,9,9
466,Mixed Guided,27,-5,1,0,0,3,9,9
467,Mixed Guided,36,-10,1,0,1,3,9,9
468,Mixed Guided,26,10,1,0,0,0,9,9
469,Mixed Guided,27,5,1,0,1,0,9,9
470,Mixed Guided,29,5,1,0,1,0,9,9
471,Pure Random,100,-190,0,1,33,5,3,3
472,Mixed Guided,26,10,1,0,0,0,9,9
473,Mixed Guided,35,5,1,0,1,0,9,9
474,Pure Random,100,-145,0,1,23,6,0,7
475,Mixed Guided,29,-5,1,0,0,3,9,9
476,Mixed Guided,34,10,1,0,0,0,9,9
477,Mixed Guided,20,10,1,0,0,0,9,9
478,Mixed Guided,21,5,1,0,0,1,9,9
479,Mixed Guided,27,-5,1,0,2,1,9,9
480,Mixed Guided,20,10,1,0,0,0,9,9
481,Mixed Guided,48,-20,1,0,3,3,9,9
482,Mixed Guided,25,-5,1,0,2,1,9,9
483,Mixed Guided,23,5,1,0,0,1,9,9
484,Pure Random,100,-130,0,1,20,6,1,7
485,Mixed Guided,22,0,1,0,0,2,9,9
486,Mixed Guided,24,0,1,0,0,2,9,9
487,Mixed Guided,26,10,1,0,0,0,9,9
488,Mixed Guided,30,0,1,0,0,2,9,9
489,Mixed Guided,32,0,1,0,1,1,9,9
490,Mixed Guided,30,-10,1,0,2,2,9,9
491,Mixed Guided,31,5,1,0,0,1,9,9
492,Mixed Guided,27,5,1,0,0,1,9,9
493,Mixed Guided,28,-20,1,0,2,4,9,9
494,Pure Random,100,-70,0,1,3,11,4,0
495,Mixed Guided,27,5,1,0,0,1,9,9
496,Mixed Guided,23,5,1,0,1,0,9,9
497,Mixed Guided,26,-10,1,0,4,0,9,9
498,Mixed Guided,23,5,1,0,1,0,9,9
499,Mixed Guided,29,-5,1,0,0,3,9,9
500,Mixed Guided,27,-5,1,0,0,3,9,9
501,Mixed Guided,23,-5,1,0,1,2,9,9
502,Mixed Guided,24,0,1,0,0,2,9,9
503,Pure Random,100,-115,0,1,13,10,2,3
504,Mixed Guided,29,5,1,0,0,1,9,9
505,Mixed Guided,39,-5,1,0,2,1,9,9
506,Mixed Guided,27,-5,1,0,0,3,9,9
507,Mixed Guided,28,0,1,0,0,2,9,9
508,Mixed Guided,21,5,1,0,1,0,9,9
509,Mixed Guided,38,-10,1,0,2,2,9,9
510,Mixed Guided,24,0,1,0,0,2,9,9
511,Mixed Guided,20,10,1,0,0,0,9,9
512,Pure Random,100,-185,0,1,19,18,2,9
513,Pure Random,100,-125,0,1,4,21,6,5
514,Mixed Guided,20,0,1,0,2,0,9,9
515,Mixed Guided,28,0,1,0,0,2,9,9
516,Pure Random,100,-175,0,1,6,29,1,6
517,Mixed Guided,27,5,1,0,1,0,9,9
518,Mixed Guided,26,0,1,0,1,1,9,9
519,Mixed Guided,20,10,1,0,0,0,9,9
520,Mixed Guided,56,-20,1,0,2,4,9,9
521,Mixed Guided,28,0,1,0,0,2,9,9
522,Mixed Guided,26,0,1,0,0,2,9,9
523,Mixed Guided,42,-20,1,0,5,1,9,9
524,Pure Random,100,-95,0,1,2,17,8,3
525,Pure Random,100,-50,0,1,1,9,7,3
526,Pure Random,100,-90,0,1,8,10,5,1
527,Mixed Guided,31,-15,1,0,0,5,9,9
528,Mixed Guided,44,0,1,0,1,1,9,9
529,Mixed Guided,24,10,1,0,0,0,9,9
530,Pure Random,100,-165,0,1,12,21,1,0
531,Pure Random,100,-105,0,1,9,12,7,0
532,Mixed Guided,22,0,1,0,1,1,9,9
533,Mixed Guided,33,5,1,0,1,0,9,9
534,Mixed Guided,24,0,1,0,0,2,9,9
535,Mixed Guided,26,0,1,0,2,0,9,9
536,Pure Random,100,-105,0,1,2,19,6,3
537,Mixed Guided,22,0,1,0,1,1,9,9
538,Mixed Guided,23,5,1,0,1,0,9,9
539,Mixed Guided,24,10,1,0,0,0,9,9
540,Mixed Guided,30,0,1,0,1,1,9,9
541,Mixed Guided,35,-25,1,0,6,1,9,9
542,Pure Random,100,-155,0,1,21,10,2,5
543,Mixed Guided,22,0,1,0,0,2,9,9
544,Mixed Guided,25,-5,1,0,0,3,9,9
545,Mixed Guided,40,0,1,0,1,1,9,9
546,Mixed Guided,21,5,1,0,0,1,9,9
547,Mixed Guided,31,-5,1,0,0,3,9,9
548,Mixed Guided,25,5,1,0,0,1,9,9
549,Mixed Guided,39,5,1,0,0,1,9,9
550,Mixed Guided,24,0,1,0,1,1,9,9
551,Mixed Guided,26,10,1,0,0,0,9,9
552,Mixed Guided,30,-10,1,0,2,2,9,9
553,Mixed Guided,26,10,1,0,0,0,9,9
554,Mixed Guided,41,5,1,0,1,0,9,9
555,Mixed Guided,22,0,1,0,1,1,9,9
556,Mixed Guided,25,5,1,0,0,1,9,9
557,Mixed Guided,22,10,1,0,0,0,9,9
558,Mixed Guided,24,10,1,0,0,0,9,9
559,Mixed Guided,41,5,1,0,0,1,9,9
560,Mixed Guided,40,-10,1,0,1,3,9,9
561,Mixed Guided,27,5,1,0,0,1,9,9
562,Mixed Guided,23,5,1,0,0,1,9,9
563,Pure Random,100,-85,0,1,6,11,6,3
564,Mixed Guided,25,5,1,0,0,1,9,9
565,Mixed Guided,36,-20,1,0,2,4,9,9
566,Mixed Guided,30,-10,1,0,1,3,9,9
567,Mixed Guided,23,5,1,0,0,1,9,9
568,Mixed Guided,27,5,1,0,0,1,9,9
569,Mixed Guided,28,0,1,0,0,2,9,9
570,Mixed Guided,26,0,1,0,0,2,9,9
571,Pure Random,100,-80,0,1,8,8,9,1
572,Mixed Guided,25,5,1,0,1,0,9,9
573,Mixed Guided,39,5,1,0,0,1,9,9
574,Mixed Guided,24,0,1,0,1,1,9,9
575,Mixed Guided,26,0,1,0,1,1,9,9
576,Mixed Guided,27,5,1,0,1,0,9,9
577,Mixed Guided,22,10,1,0,0,0,9,9
578,Mixed Guided,35,-15,1,0,1,4,9,9
579,Mixed Guided,29,5,1,0,0,1,9,9
580,Mixed Guided,20,10,1,0,0,0,9,9
581,Mixed Guided,24,10,1,0,0,0,9,9
582,Mixed Guided,32,10,1,0,0,0,9,9
583,Mixed Guided,27,5,1,0,1,0,9,9
584,Pure Random,100,-150,0,1,19,11,3,7
585,Mixed Guided,26,-10,1,0,4,0,9,9
586,Mixed Guided,22,0,1,0,0,2,9,9
587,Mixed Guided,24,-10,1,0,0,4,9,9
588,Pure Random,100,-90,0,1,4,14,9,3
589,Mixed Guided,36,10,1,0,0,0,9,9
590,Pure Random,100,-115,0,1,0,23,9,0
591,Pure Random,100,-145,0,1,12,17,1,4
592,Mixed Guided,36,-10,1,0,2,2,9,9
593,Mixed Guided,31,-5,1,0,2,1,9,9
594,Mixed Guided,40,10,1,0,0,0,9,9
595,Mixed Guided,31,-5,1,0,1,2,9,9
596,Mixed Guided,32,-10,1,0,2,2,9,9
597,Mixed Guided,40,0,1,0,1,1,9,9
598,Mixed Guided,30,0,1,0,1,1,9,9
599,Mixed Guided,22,10,1,0,0,0,9,9
600,Mixed Guided,27,-5,1,0,1,2,9,9
601,Mixed Guided,27,5,1,0,1,0,9,9
602,Pure Random,100,-205,0,1,13,28,1,0
603,Pure Random,100,-90,0,1,3,15,9,3
604,Pure Random,100,-160,0,1,6,26,3,1
605,Mixed Guided,27,-5,1,0,1,2,9,9
606,Mixed Guided,27,5,1,0,0,1,9,9
607,Mixed Guided,29,5,1,0,1,0,9,9
608,Pure Random,100,-105,0,1,8,13,1,0
609,Mixed Guided,35,5,1,0,0,1,9,9
610,Mixed Guided,35,-5,1,0,0,3,9,9
611,Pure Random,100,-195,0,1,5,34,1,0
612,Pure Random,100,-150,0,1,6,24,5,1
613,Pure Random,62,-50,1,0,6,6,9,9
614,Mixed Guided,26,-10,1,0,3,1,9,9
615,Mixed Guided,37,-15,1,0,1,4,9,9
616,Mixed Guided,27,5,1,0,1,0,9,9
617,Mixed Guided,30,0,1,0,1,1,9,9
618,Mixed Guided,23,5,1,0,0,1,9,9
619,Mixed Guided,27,5,1,0,0,1,9,9
620,Mixed Guided,25,-5,1,0,1,2,9,9
621,Mixed Guided,25,-5,1,0,1,2,9,9
622,Mixed Guided,24,10,1,0,0,0,9,9
623,Mixed Guided,35,-5,1,0,1,2,9,9
624,Mixed Guided,32,-20,1,0,0,6,9,9
625,Pure Random,100,-145,0,1,10,19,2,1
626,Mixed Guided,23,-5,1,0,0,3,9,9
627,Mixed Guided,27,-15,1,0,1,4,9,9
628,Pure Random,100,-120,0,1,7,17,2,4
629,Mixed Guided,23,-5,1,0,0,3,9,9
630,Mixed Guided,21,5,1,0,1,0,9,9
631,Pure Random,100,-120,0,1,7,17,6,0
632,Pure Random,100,-100,0,1,6,14,6,0
633,Mixed Guided,20,10,1,0,0,0,9,9
634,Mixed Guided,39,-15,1,0,1,4,9,9
635,Pure Random,100,-230,0,1,38,8,5,7
636,Mixed Guided,34,-20,1,0,4,2,9,9
637,Mixed Guided,35,-15,1,0,4,1,9,9
638,Mixed Guided,37,-5,1,0,2,1,9,9
639,Mixed Guided,20,0,1,0,1,1,9,9
640,Pure Random,100,-145,0,1,4,25,6,5
641,Mixed Guided,25,-5,1,0,2,1,9,9
642,Pure Random,100,-100,0,1,6,14,7,1
643,Mixed Guided,21,5,1,0,1,0,9,9
644,Mixed Guided,23,5,1,0,1,0,9,9
645,Pure Random,100,-105,0,1,11,10,0,3
646,Mixed Guided,34,-10,1,0,2,2,9,9
647,Mixed Guided,28,0,1,0,2,0,9,9
648,Mixed Guided,39,-15,1,0,3,2,9,9
649,Mixed Guided,27,-5,1,0,0,3,9,9
650,Pure Random,100,-110,0,1,6,16,3,1
651,Mixed Guided,27,5,1,0,1,0,9,9
652,Pure Random,100,-90,0,1,8,10,9,7
653,Mixed Guided,30,0,1,0,2,0,9,9
654,Mixed Guided,20,0,1,0,0,2,9,9
655,Mixed Guided,23,5,1,0,1,0,9,9
656,Pure Random,61,-95,1,0,19,2,9,9
657,Pure Random,100,-115,0,1,8,15,8,9
658,Pure Random,100,-110,0,1,3,19,2,0
659,Pure Random,100,-175,0,1,16,19,0,3
660,Mixed Guided,27,5,1,0,1,0,9,9
661,Mixed Guided,28,-10,1,0,0,4,9,9
662,Mixed Guided,29,-5,1,0,2,1,9,9
663,Mixed Guided,32,0,1,0,2,0,9,9
664,Mixed Guided,29,5,1,0,1,0,9,9
665,Pure Random,100,-80,0,1,5,11,8,6
666,Mixed Guided,29,5,1,0,0,1,9,9
667,Mixed Guided,27,-5,1,0,0,3,9,9
668,Pure Random,100,-105,0,1,5,16,2,1
669,Mixed Guided,24,0,1,0,1,1,9,9
670,Mixed Guided,27,-5,1,0,1,2,9,9
671,Mixed Guided,28,0,1,0,2,0,9,9
672,Pure Random,100,-150,0,1,10,20,4,0
673,Pure Random,100,-125,0,1,12,13,3,4
674,Pure Random,100,-115,0,1,7,16,4,1
675,Mixed Guided,32,-20,1,0,4,2,9,9
676,Mixed Guided,23,5,1,0,0,1,9,9
677,Mixed Guided,34,0,1,0,1,1,9,9
678,Mixed Guided,29,5,1,0,0,1,9,9
679,Mixed Guided,20,10,1,0,0,0,9,9
680,Mixed Guided,27,5,1,0,1,0,9,9
681,Mixed Guided,22,10,1,0,0,0,9,9
682,Mixed Guided,31,-15,1,0,5,0,9,9
683,Mixed Guided,30,0,1,0,0,2,9,9
684,Mixed Guided,30,-20,1,0,3,3,9,9
685,Mixed Guided,22,0,1,0,0,2,9,9
686,Mixed Guided,29,-5,1,0,0,3,9,9
687,Mixed Guided,42,-10,1,0,1,3,9,9
688,Pure Random,100,-125,0,1,17,8,2,5
689,Mixed Guided,25,5,1,0,0,1,9,9
690,Mixed Guided,27,-5,1,0,0,3,9,9
691,Pure Random,100,-100,0,1,2,18,6,0
692,Mixed Guided,25,-5,1,0,2,1,9,9
693,Mixed Guided,43,-35,1,0,4,5,9,9
694,Mixed Guided,20,0,1,0,2,0,9,9
695,Mixed Guided,22,10,1,0,0,0,9,9
696,Mixed Guided,23,5,1,0,0,1,9,9
697,Mixed Guided,45,-15,1,0,0,5,9,9
698,Pure Random,100,-150,0,1,22,8,2,4
699,Mixed Guided,33,-15,1,0,2,3,9,9
700,Mixed Guided,29,5,1,0,1,0,9,9
701,Mixed Guided,35,-5,1,0,1,2,9,9
702,Mixed Guided,30,0,1,0,0,2,9,9
703,Mixed Guided,33,5,1,0,0,1,9,9
704,Mixed Guided,28,0,1,0,2,0,9,9
705,Pure Random,100,-95,0,1,4,15,3,0
706,Mixed Guided,27,-15,1,0,4,1,9,9
707,Mixed Guided,18,10,1,0,0,0,9,9
708,Mixed Guided,23,5,1,0,0,1,9,9
709,Mixed Guided,29,-5,1,0,0,3,9,9
710,Pure Random,100,-220,0,1,3,41,0,4
711,Mixed Guided,34,-10,1,0,0,4,9,9
712,Mixed Guided,32,-10,1,0,2,2,9,9
713,Mixed Guided,24,0,1,0,0,2,9,9
714,Mixed Guided,38,0,1,0,0,2,9,9
715,Mixed Guided,33,-5,1,0,1,2,9,9
716,Mixed Guided,29,-5,1,0,0,3,9,9
717,Pure Random,100,-90,0,1,12,6,1,5
718,Mixed Guided,38,-10,1,0,3,1,9,9
719,Mixed Guided,18,10,1,0,0,0,9,9
720,Mixed Guided,36,-10,1,0,4,0,9,9
721,Mixed Guided,22,0,1,0,1,1,9,9
722,Mixed Guided,22,10,1,0,0,0,9,9
723,Mixed Guided,31,-5,1,0,2,1,9,9
724,Mixed Guided,29,5,1,0,0,1,9,9
725,Mixed Guided,29,5,1,0,1,0,9,9
726,Mixed Guided,30,0,1,0,0,2,9,9
727,Mixed Guided,32,10,1,0,0,0,9,9
728,Mixed Guided,24,10,1,0,0,0,9,9
729,Mixed Guided,24,10,1,0,0,0,9,9
730,Pure Random,100,-150,0,1,7,23,8,0
731,Mixed Guided,34,-10,1,0,1,3,9,9
732,Mixed Guided,31,5,1,0,1,0,9,9
733,Mixed Guided,24,0,1,0,1,1,9,9
734,Pure Random,100,-120,0,1,11,13,3,3
735,Mixed Guided,30,10,1,0,0,0,9,9
736,Pure Random,100,-145,0,1,11,18,9,4
737,Mixed Guided,27,-5,1,0,0,3,9,9
738,Mixed Guided,38,-10,1,0,1,3,9,9
739,Pure Random,100,-100,0,1,7,13,7,5
740,Pure Random,100,-75,0,1,12,3,6,3
741,Pure Random,100,-130,0,1,12,14,2,0
742,Mixed Guided,25,-5,1,0,2,1,9,9
743,Mixed Guided,23,5,1,0,0,1,9,9
744,Mixed Guided,20,10,1,0,0,0,9,9
745,Mixed Guided,25,5,1,0,1,0,9,9
746,Pure Random,100,-95,0,1,6,13,9,0
747,Mixed Guided,28,-10,1,0,3,1,9,9
748,Mixed Guided,25,-15,1,0,2,3,9,9
749,Mixed Guided,33,5,1,0,0,1,9,9
750,Mixed Guided,37,-15,1,0,3,2,9,9
751,Mixed Guided,35,-5,1,0,3,0,9,9
752,Mixed Guided,28,0,1,0,0,2,9,9
753,Pure Random,100,-150,0,1,5,25,6,4
754,Mixed Guided,26,10,1,0,0,0,9,9
755,Mixed Guided,36,0,1,0,0,2,9,9
756,Mixed Guided,26,0,1,0,2,0,9,9
757,Mixed Guided,27,-5,1,0,1,2,9,9
758,Mixed Guided,23,-5,1,0,0,3,9,9
759,Mixed Guided,39,-5,1,0,0,3,9,9
760,Mixed Guided,25,5,1,0,0,1,9,9
761,Pure Random,100,-90,0,1,9,9,2,0
762,Mixed Guided,27,5,1,0,0,1,9,9
763,Mixed Guided,31,-5,1,0,0,3,9,9
764,Mixed Guided,26,0,1,0,1,1,9,9
765,Mixed Guided,29,5,1,0,0,1,9,9
766,Mixed Guided,27,5,1,0,1,0,9,9
767,Mixed Guided,26,-10,1,0,2,2,9,9
768,Pure Random,100,-135,0,1,3,24,6,3
769,Mixed Guided,26,-10,1,0,3,1,9,9
770,Mixed Guided,28,-10,1,0,2,2,9,9
771,Mixed Guided,27,-5,1,0,0,3,9,9
772,Mixed Guided,21,-5,1,0,3,0,9,9
773,Mixed Guided,21,5,1,0,1,0,9,9
774,Mixed Guided,21,5,1,0,0,1,9,9
775,Mixed Guided,30,0,1,0,0,2,9,9
776,Mixed Guided,29,5,1,0,1,0,9,9
777,Mixed Guided,30,0,1,0,0,2,9,9
778,Mixed Guided,22,10,1,0,0,0,9,9
779,Mixed Guided,29,5,1,0,1,0,9,9
780,Pure Random,100,-145,0,1,14,15,3,0
781,Mixed Guided,29,5,1,0,1,0,9,9
782,Mixed Guided,26,10,1,0,0,0,9,9
783,Mixed Guided,22,10,1,0,0,0,9,9
784,Mixed Guided,29,-5,1,0,2,1,9,9
785,Mixed Guided,25,5,1,0,0,1,9,9
786,Mixed Guided,33,-5,1,0,1,2,9,9
787,Pure Random,100,-95,0,1,11,8,7,4
788,Mixed Guided,37,-15,1,0,4,1,9,9
789,Mixed Guided,27,-5,1,0,0,3,9,9
790,Mixed Guided,27,5,1,0,0,1,9,9
791,Pure Random,100,-125,0,1,14,11,6,1
792,Mixed Guided,24,-10,1,0,1,3,9,9
793,Mixed Guided,37,-5,1,0,1,2,9,9
794,Mixed Guided,27,5,1,0,1,0,9,9
795,Pure Random,100,-135,0,1,15,12,2,5
796,Mixed Guided,26,0,1,0,0,2,9,9
797,Pure Random,100,-175,0,1,25,10,2,5
798,Mixed Guided,33,-15,1,0,2,3,9,9
799,Pure Random,100,-130,0,1,9,17,0,2
800,Pure Random,100,-125,0,1,8,17,0,1
801,Mixed Guided,32,-10,1,0,3,1,9,9
802,Pure Random,100,-110,0,1,9,13,1,3
803,Mixed Guided,28,-10,1,0,2,2,9,9
804,Mixed Guided,32,-20,1,0,5,1,9,9
805,Mixed Guided,25,5,1,0,0,1,9,9
806,Mixed Guided,31,-5,1,0,0,3,9,9
807,Mixed Guided,38,0,1,0,1,1,9,9
808,Mixed Guided,19,5,1,0,1,0,9,9
809,Mixed Guided,34,0,1,0,2,0,9,9
810,Mixed Guided,28,0,1,0,0,2,9,9
811,Mixed Guided,25,-5,1,0,3,0,9,9
812,Mixed Guided,25,-15,1,0,0,5,9,9
813,Mixed Guided,36,-10,1,0,1,3,9,9
814,Pure Random,100,-175,0,1,11,24,0,3
815,Pure Random,100,-110,0,1,10,12,9,3
816,Mixed Guided,25,-5,1,0,2,1,9,9
817,Mixed Guided,23,5,1,0,1,0,9,9
818,Mixed Guided,30,0,1,0,0,2,9,9
819,Mixed Guided,26,-20,1,0,4,2,9,9
820,Mixed Guided,24,0,1,0,0,2,9,9
821,Mixed Guided,24,-10,1,0,3,1,9,9
822,Mixed Guided,25,5,1,0,1,0,9,9
823,Mixed Guided,22,0,1,0,2,0,9,9
824,Mixed Guided,24,0,1,0,1,1,9,9
825,Pure Random,100,-160,0,1,13,19,6,8
826,Mixed Guided,30,-10,1,0,2,2,9,9
827,Pure Random,100,-125,0,1,14,11,3,4
828,Mixed Guided,36,-10,1,0,2,2,9,9
829,Pure Random,100,-140,0,1,17,11,3,5
830,Mixed Guided,26,-10,1,0,2,2,9,9
831,Mixed Guided,23,5,1,0,0,1,9,9
832,Pure Random,100,-60,0,1,4,8,6,2
833,Mixed Guided,23,5,1,0,0,1,9,9
834,Mixed Guided,33,5,1,0,0,1,9,9
835,Mixed Guided,32,0,1,0,0,2,9,9
836,Mixed Guided,25,5,1,0,0,1,9,9
837,Pure Random,100,-185,0,1,12,25,4,9
838,Mixed Guided,29,5,1,0,0,1,9,9
839,Mixed Guided,29,5,1,0,1,0,9,9
840,Pure Random,100,-130,0,1,11,15,1,5
841,Mixed Guided,19,5,1,0,0,1,9,9
842,Mixed Guided,29,5,1,0,0,1,9,9
843,Pure Random,100,-95,0,1,8,11,0,1
844,Mixed Guided,38,-20,1,0,1,5,9,9
845,Pure Random,100,-110,0,1,5,17,2,0
846,Mixed Guided,31,5,1,0,0,1,9,9
847,Mixed Guided,34,-20,1,0,1,5,9,9
848,Mixed Guided,40,-10,1,0,0,4,9,9
849,Pure Random,100,-140,0,1,3,25,0,0
850,Pure Random,100,-160,0,1,8,24,3,3
851,Pure Random,100,-190,0,1,15,23,3,7
852,Pure Random,100,-155,0,1,8,23,1,8
853,Mixed Guided,38,0,1,0,0,2,9,9
854,Mixed Guided,29,-5,1,0,1,2,9,9
855,Mixed Guided,34,-20,1,0,0,6,9,9
856,Mixed Guided,19,5,1,0,0,1,9,9
857,Pure Random,100,-165,0,1,15,18,3,4
858,Mixed Guided,25,-5,1,0,1,2,9,9
859,Mixed Guided,29,-5,1,0,0,3,9,9
860,Pure Random,100,-115,0,1,19,4,3,4
861,Mixed Guided,27,5,1,0,1,0,9,9
862,Pure Random,100,-180,0,1,18,18,5,9
863,Mixed Guided,32,0,1,0,1,1,9,9
864,Pure Random,100,-130,0,1,8,18,5,1
865,Pure Random,100,-170,0,1,24,10,7,9
866,Mixed Guided,40,-10,1,0,1,3,9,9
867,Mixed Guided,32,-20,1,0,4,2,9,9
868,Mixed Guided,32,10,1,0,0,0,9,9
869,Mixed Guided,29,5,1,0,0,1,9,9
870,Pure Random,100,-120,0,1,7,17,1,3
871,Mixed Guided,25,-15,1,0,4,1,9,9
872,Pure Random,100,-85,0,1,4,13,5,2
873,Mixed Guided,25,5,1,0,1,0,9,9
874,Pure Random,100,-160,0,1,18,14,0,2
875,Mixed Guided,24,10,1,0,0,0,9,9
876,Mixed Guided,26,10,1,0,0,0,9,9
877,Mixed Guided,39,-15,1,0,1,4,9,9
878,Mixed Guided,24,0,1,0,1,1,9,9
879,Pure Random,100,-55,0,1,5,6,6,1
880,Mixed Guided,28,10,1,0,0,0,9,9
881,Mixed Guided,26,0,1,0,1,1,9,9
882,Mixed Guided,28,-10,1,0,1,3,9,9
883,Pure Random,100,-120,0,1,6,18,2,0
884,Mixed Guided,31,5,1,0,0,1,9,9
885,Pure Random,100,-125,0,1,9,16,0,1
886,Mixed Guided,35,-5,1,0,1,2,9,9
887,Mixed Guided,31,-25,1,0,1,6,9,9
888,Mixed Guided,18,10,1,0,0,0,9,9
889,Mixed Guided,32,-10,1,0,1,3,9,9
890,Mixed Guided,24,0,1,0,0,2,9,9
891,Mixed Guided,29,-5,1,0,2,1,9,9
892,Pure Random,100,-125,0,1,10,15,1,0
893,Mixed Guided,27,-5,1,0,0,3,9,9
894,Mixed Guided,29,-15,1,0,2,3,9,9
895,Mixed Guided,29,-15,1,0,4,1,9,9
896,Mixed Guided,27,-5,1,0,1,2,9,9
897,Pure Random,100,-135,0,1,6,21,0,7
898,Mixed Guided,32,0,1,0,1,1,9,9
899,Mixed Guided,33,-15,1,0,2,3,9,9
900,Mixed Guided,30,-20,1,0,1,5,9,9
901,Pure Random,100,-125,0,1,8,17,5,0
902,Mixed Guided,21,-5,1,0,2,1,9,9
903,Mixed Guided,24,0,1,0,0,2,9,9
904,Mixed Guided,26,-10,1,0,1,3,9,9
905,Mixed Guided,23,5,1,0,0,1,9,9
906,Mixed Guided,29,-15,1,0,4,1,9,9
907,Mixed Guided,20,10,1,0,0,0,9,9
908,Mixed Guided,31,5,1,0,0,1,9,9
909,Pure Random,100,-90,0,1,7,11,8,0
910,Mixed Guided,38,0,1,0,0,2,9,9
911,Mixed Guided,24,10,1,0,0,0,9,9
912,Mixed Guided,26,0,1,0,1,1,9,9
913,Mixed Guided,25,5,1,0,1,0,9,9
914,Pure Random,100,-160,0,1,8,24,0,0
915,Mixed Guided,30,0,1,0,0,2,9,9
916,Mixed Guided,24,-10,1,0,3,1,9,9
917,Mixed Guided,31,-15,1,0,1,4,9,9
918,Mixed Guided,25,-5,1,0,2,1,9,9
919,Mixed Guided,22,10,1,0,0,0,9,9
920,Mixed Guided,41,-35,1,0,4,5,9,9
921,Mixed Guided,28,-10,1,0,3,1,9,9
922,Pure Random,100,-130,0,1,6,20,2,0
923,Mixed Guided,28,-10,1,0,1,3,9,9
924,Pure Random,100,-160,0,1,6,26,2,0
925,Pure Random,100,-125,0,1,3,22,5,0
926,Mixed Guided,19,5,1,0,0,1,9,9
927,Pure Random,100,-135,0,1,10,17,9,0
928,Mixed Guided,25,-15,1,0,2,3,9,9
929,Mixed Guided,25,5,1,0,1,0,9,9
930,Mixed Guided,34,-10,1,0,0,4,9,9
931,Mixed Guided,26,0,1,0,0,2,9,9
932,Mixed Guided,29,5,1,0,0,1,9,9
933,Pure Random,100,-110,0,1,6,16,1,3
934,Mixed Guided,29,-5,1,0,3,0,9,9
935,Mixed Guided,23,-5,1,0,0,3,9,9
936,Mixed Guided,26,-20,1,0,3,3,9,9
937,Pure Random,100,-145,0,1,6,23,8,3
938,Mixed Guided,36,0,1,0,0,2,9,9
939,Mixed Guided,22,10,1,0,0,0,9,9
940,Mixed Guided,24,10,1,0,0,0,9,9
941,Mixed Guided,28,0,1,0,1,1,9,9
942,Mixed Guided,29,5,1,0,0,1,9,9
943,Mixed Guided,25,-5,1,0,0,3,9,9
944,Mixed Guided,20,0,1,0,0,2,9,9
945,Pure Random,100,-200,0,1,7,33,0,0
946,Mixed Guided,27,5,1,0,1,0,9,9
947,Mixed Guided,25,5,1,0,1,0,9,9
948,Mixed Guided,22,0,1,0,0,2,9,9
949,Mixed Guided,26,-10,1,0,3,1,9,9
950,Mixed Guided,24,10,1,0,0,0,9,9
951,Mixed Guided,32,-10,1,0,1,3,9,9
952,Mixed Guided,28,10,1,0,0,0,9,9
953,Mixed Guided,25,5,1,0,0,1,9,9
954,Mixed Guided,37,-5,1,0,1,2,9,9
955,Mixed Guided,37,-5,1,0,2,1,9,9
956,Mixed Guided,36,0,1,0,1,1,9,9
957,Mixed Guided,41,-15,1,0,1,4,9,9
958,Mixed Guided,33,5,1,0,0,1,9,9
959,Mixed Guided,44,0,1,0,2,0,9,9
960,Mixed Guided,24,10,1,0,0,0,9,9
961,Mixed Guided,27,5,1,0,0,1,9,9
962,Mixed Guided,25,5,1,0,0,1,9,9
963,Mixed Guided,26,-20,1,0,0,6,9,9
964,Pure Random,100,-110,0,1,14,8,7,5
965,Mixed Guided,22,10,1,0,0,0,9,9
966,Mixed Guided,29,5,1,0,0,1,9,9
967,Mixed Guided,22,0,1,0,0,2,9,9
968,Pure Random,100,-140,0,1,12,16,0,2
969,Mixed Guided,28,0,1,0,2,0,9,9
970,Mixed Guided,31,-15,1,0,2,3,9,9
971,Pure Random,100,-160,0,1,12,20,0,2
972,Mixed Guided,20,10,1,0,0,0,9,9
973,Mixed Guided,22,0,1,0,2,0,9,9
974,Mixed Guided,30,-10,1,0,2,2,9,9
975,Mixed Guided,29,5,1,0,0,1,9,9
976,Mixed Guided,28,0,1,0,1,1,9,9
977,Mixed Guided,19,5,1,0,0,1,9,9
978,Mixed Guided,27,5,1,0,0,1,9,9
979,Mixed Guided,26,-10,1,0,0,4,9,9
980,Mixed Guided,23,5,1,0,0,1,9,9
981,Pure Random,100,-155,0,1,18,13,2,1
982,Mixed Guided,27,5,1,0,0,1,9,9
983,Mixed Guided,28,10,1,0,0,0,9,9
984,Mixed Guided,36,-10,1,0,3,1,9,9
985,Mixed Guided,36,-30,1,0,5,3,9,9
986,Mixed Guided,27,5,1,0,0,1,9,9
987,Mixed Guided,36,-10,1,0,1,3,9,9
988,Mixed Guided,20,10,1,0,0,0,9,9
989,Pure Random,100,-190,0,1,11,27,2,0
990,Mixed Guided,29,5,1,0,0,1,9,9
991,Pure Random,100,-115,0,1,6,17,0,3
992,Pure Random,100,-165,0,1,13,20,2,9
993,Mixed Guided,30,0,1,0,0,2,9,9
994,Mixed Guided,29,-5,1,0,2,1,9,9
995,Mixed Guided,38,-10,1,0,4,0,9,9
996,Mixed Guided,30,10,1,0,0,0,9,9
997,Pure Random,100,-135,0,1,4,23,7,0
998,Pure Random,100,-65,0,1,1,12,5,2
999,Mixed Guided,36,10,1,0,0,0,9,9
1000,Mixed Guided,30,-10,1,0,2,2,9,9
