Row/Col,0,1,2,3,4,5,6,7,8,9
0,START,OPEN,OPEN,OPEN,OPEN,OPEN,OPEN,OPEN,OPEN,OPEN
1,OPEN,OPEN,BLOCK,OPEN,OPEN,OPEN,OPEN,OPEN,OPEN,OPEN
2,OPEN,OPEN,BLOCK,OPEN,OPEN,OPEN,BLOCK,OPEN,BLOCK,OPEN
3,OPEN,OPEN,BLOCK,OPEN,OPEN,OPEN,BLOCK,OPEN,BLOCK,OPEN
4,OPEN,OPEN,BLOCK,BLOCK,BLOCK,BLOCK,BLOCK,OPEN,BLOCK,OPEN
5,OPEN,OPEN,OPEN,OPEN,OPEN,OPEN,BLOCK,OPEN,BLOCK,OPEN
6,OPEN,OPEN,OPEN,OPEN,OPEN,OPEN,BLOCK,OPEN,OPEN,OPEN
7,OPEN,OPEN,OPEN,OPEN,OPEN,OPEN,BLOCK,BLOCK,BLOCK,OPEN
8,OPEN,OPEN,OPEN,OPEN,OPEN,OPEN,OPEN,OPEN,OPEN,OPEN
9,OPEN,OPEN,OPEN,OPEN,OPEN,OPEN,OPEN,OPEN,OPEN,GOAL
